CSW-102,
CSW-106,
CSW-108,
CSW-110,
CSW-112,
CSW-118,
CSW-119,
CSW-121,
CSW-125,
CSW-133,
CSW-144,
CSW-147,
CSW-152,
CSW-153,
CSW-156,
CSW-160,
CSW-174,
CSW-176,
CSW-177,
CSW-21,
CSW-37,REQ-2-CSW-3400,REQ-2-CSW-3410,REQ-2-CSW-3415
CSW-89,
CSW-90,
CSW-92,
CSW-96,
CSW-97,
CSW-98,
DEOPS-CSW-MAINT-116,
DEOPSCSW-000,
DEOPSCSW-103,REQ-2-CSW-5250
DEOPSCSW-112,
DEOPSCSW-114,REQ-2-CSW-3700,REQ-2-CSW-3705,REQ-2-CSW-3755
DEOPSCSW-115,REQ-2-CSW-3700,REQ-2-CSW-3705,REQ-2-CSW-3755
DEOPSCSW-116,REQ-2-CSW-3700,REQ-2-CSW-3705,REQ-2-CSW-3755
DEOPSCSW-117,REQ-2-CSW-3755
DEOPSCSW-118,REQ-2-CSW-3770
DEOPSCSW-119,REQ-2-CSW-3700,REQ-2-CSW-3705,REQ-2-CSW-3755
DEOPSCSW-12,REQ-2-CSW-2250,REQ-2-CSW-2255
DEOPSCSW-121,REQ-2-CSW-3700
DEOPSCSW-122,REQ-2-CSW-3775
DEOPSCSW-123,REQ-2-CSW-3775
DEOPSCSW-124,REQ-2-CSW-3760
DEOPSCSW-125,REQ-2-CSW-3760
DEOPSCSW-126,REQ-2-CSW-3775
DEOPSCSW-127,REQ-2-CSW-3760,REQ-2-CSW-3765
DEOPSCSW-13,REQ-2-CSW-2255
DEOPSCSW-130,
DEOPSCSW-131,
DEOPSCSW-132,
DEOPSCSW-133,
DEOPSCSW-135,
DEOPSCSW-138,
DEOPSCSW-139,REQ-2-CSW-5255
DEOPSCSW-14,REQ-2-CSW-2265
DEOPSCSW-140,REQ-2-CSW-5255
DEOPSCSW-141,
DEOPSCSW-142,REQ-2-CSW-3775,REQ-2-CSW-3780
DEOPSCSW-15,REQ-2-CSW-2000
DEOPSCSW-151,REQ-2-CSW-3775
DEOPSCSW-153,REQ-2-CSW-3705
DEOPSCSW-158,REQ-2-CSW-3750
DEOPSCSW-16,REQ-2-CSW-1015,REQ-2-CSW-2000,REQ-2-CSW-2255
DEOPSCSW-163,REQ-2-CSW-7040
DEOPSCSW-165,REQ-2-CSW-7000,REQ-2-CSW-7025,REQ-2-CSW-7027,REQ-2-CSW-7030
DEOPSCSW-166,REQ-2-CSW-7000,REQ-2-CSW-7025,REQ-2-CSW-7027,REQ-2-CSW-7030
DEOPSCSW-167,REQ-2-CSW-7020
DEOPSCSW-168,REQ-2-CSW-7023
DEOPSCSW-169,REQ-2-CSW-7023
DEOPSCSW-17,REQ-2-CSW-2000,REQ-2-CSW-2260
DEOPSCSW-170,REQ-2-CSW-7023
DEOPSCSW-171,REQ-2-CSW-7023
DEOPSCSW-172,REQ-2-CSW-7023
DEOPSCSW-173,REQ-2-CSW-7023
DEOPSCSW-174,REQ-2-CSW-7023
DEOPSCSW-175,REQ-2-CSW-7023
DEOPSCSW-176,REQ-2-CSW-7040
DEOPSCSW-177,REQ-2-CSW-7040
DEOPSCSW-178,REQ-2-CSW-7040
DEOPSCSW-179,
DEOPSCSW-18,REQ-2-CSW-2265
DEOPSCSW-180,
DEOPSCSW-181,REQ-2-CSW-7005,REQ-2-CSW-7040
DEOPSCSW-182,REQ-2-CSW-7020,REQ-2-CSW-7040
DEOPSCSW-183,
DEOPSCSW-184,
DEOPSCSW-185,REQ-2-CSW-7000
DEOPSCSW-186,
DEOPSCSW-188,
DEOPSCSW-190,
DEOPSCSW-194,REQ-2-CSW-2760
DEOPSCSW-196,REQ-2-CSW-2760
DEOPSCSW-198,REQ-2-CSW-2760
DEOPSCSW-199,REQ-2-CSW-2760
DEOPSCSW-20,REQ-2-CSW-2000
DEOPSCSW-200,REQ-2-CSW-2760
DEOPSCSW-201,REQ-2-CSW-2760
DEOPSCSW-202,REQ-2-CSW-2760
DEOPSCSW-203,REQ-2-CSW-2760
DEOPSCSW-204,REQ-2-CSW-2760
DEOPSCSW-206,REQ-2-CSW-2760
DEOPSCSW-207,REQ-2-CSW-2760
DEOPSCSW-208,REQ-2-CSW-2760
DEOPSCSW-211,REQ-2-CSW-2500
DEOPSCSW-212,REQ-2-CSW-2763
DEOPSCSW-213,REQ-2-CSW-2763
DEOPSCSW-214,REQ-2-CSW-2763
DEOPSCSW-216,REQ-2-CSW-2765,REQ-2-CSW-2766
DEOPSCSW-217,REQ-2-CSW-2500
DEOPSCSW-218,REQ-2-CSW-2765,REQ-2-CSW-2766
DEOPSCSW-219,REQ-2-CSW-2765,REQ-2-CSW-2766
DEOPSCSW-220,REQ-2-CSW-2765,REQ-2-CSW-2766
DEOPSCSW-221,REQ-2-CSW-2765,REQ-2-CSW-2766
DEOPSCSW-222,REQ-2-CSW-2770,REQ-2-CSW-2775
DEOPSCSW-223,REQ-2-CSW-2770,REQ-2-CSW-2775
DEOPSCSW-224,REQ-2-CSW-2500,REQ-2-CSW-2515
DEOPSCSW-225,REQ-2-CSW-2500,REQ-2-CSW-2515
DEOPSCSW-227,REQ-2-CSW-2500
DEOPSCSW-228,REQ-2-CSW-2500
DEOPSCSW-229,REQ-2-CSW-2500
DEOPSCSW-23,REQ-2-CSW-2000
DEOPSCSW-233,REQ-2-CSW-2750
DEOPSCSW-234,REQ-2-CSW-2750,REQ-2-CSW-2755
DEOPSCSW-24,REQ-2-CSW-2000,REQ-2-CSW-2260
DEOPSCSW-26,REQ-2-CSW-2000,REQ-2-CSW-2260
DEOPSCSW-27,REQ-2-CSW-5000,REQ-2-CSW-5005
DEOPSCSW-271,
DEOPSCSW-272,
DEOPSCSW-277,
DEOPSCSW-278,
DEOPSCSW-280,
DEOPSCSW-281,REQ-2-CSW-3775
DEOPSCSW-282,
DEOPSCSW-283,
DEOPSCSW-284,
DEOPSCSW-293,
DEOPSCSW-294,
DEOPSCSW-301,
DEOPSCSW-302,
DEOPSCSW-306,
DEOPSCSW-308,
DEOPSCSW-31,REQ-2-CSW-2000,REQ-2-CSW-2260
DEOPSCSW-313,REQ-2-CSW-2500
DEOPSCSW-314,
DEOPSCSW-315,
DEOPSCSW-316,
DEOPSCSW-317,REQ-2-CSW-2500
DEOPSCSW-32,REQ-2-CSW-2000,REQ-2-CSW-2260
DEOPSCSW-320,
DEOPSCSW-321,
DEOPSCSW-325,
DEOPSCSW-327,REQ-2-CSW-3000
DEOPSCSW-328,REQ-2-CSW-3020,REQ-2-CSW-3025
DEOPSCSW-329,REQ-2-CSW-3020
DEOPSCSW-330,REQ-2-CSW-3030
DEOPSCSW-331,REQ-2-CSW-3035
DEOPSCSW-334,REQ-2-CSW-3000,REQ-2-CSW-3255,REQ-2-CSW-3300,REQ-2-CSW-3400,REQ-2-CSW-3410,REQ-2-CSW-3415
DEOPSCSW-335,
DEOPSCSW-337,REQ-2-CSW-3000,REQ-2-CSW-3300
DEOPSCSW-338,
DEOPSCSW-339,
DEOPSCSW-34,REQ-2-CSW-2000,REQ-2-CSW-2260
DEOPSCSW-340,REQ-2-CSW-3608,REQ-2-CSW-3603
DEOPSCSW-341,
DEOPSCSW-342,
DEOPSCSW-343,
DEOPSCSW-344,REQ-2-CSW-3270
DEOPSCSW-345,REQ-2-CSW-3000,REQ-2-CSW-3255
DEOPSCSW-346,REQ-2-CSW-3000,REQ-2-CSW-3265
DEOPSCSW-349,REQ-2-CSW-3250
DEOPSCSW-35,REQ-2-CSW-2000
DEOPSCSW-36,REQ-2-CSW-2765,REQ-2-CSW-2766
DEOPSCSW-364,
DEOPSCSW-369,
DEOPSCSW-372,
DEOPSCSW-39,REQ-2-CSW-7005
DEOPSCSW-395,
DEOPSCSW-398,
DEOPSCSW-399,
DEOPSCSW-401,
DEOPSCSW-42,REQ-2-CSW-5000,REQ-2-CSW-5005
DEOPSCSW-420,
DEOPSCSW-423,
DEOPSCSW-429,
DEOPSCSW-43,REQ-2-CSW-5250
DEOPSCSW-430,
DEOPSCSW-431,
DEOPSCSW-432,
DEOPSCSW-433,
DEOPSCSW-434,
DEOPSCSW-435,REQ-2-CSW-6505
DEOPSCSW-436,
DEOPSCSW-437,REQ-2-CSW-6710,REQ-2-CSW-6715
DEOPSCSW-438,REQ-2-CSW-6710
DEOPSCSW-439,REQ-2-CSW-6710
DEOPSCSW-440,REQ-2-CSW-6505,REQ-2-CSW-6710
DEOPSCSW-441,REQ-2-CSW-6505,REQ-2-CSW-6740
DEOPSCSW-442,REQ-2-CSW-6505,REQ-2-CSW-6740
DEOPSCSW-443,REQ-2-CSW-6505,REQ-2-CSW-6740
DEOPSCSW-444,REQ-2-CSW-6705,REQ-2-CSW-6715
DEOPSCSW-445,REQ-2-CSW-6740
DEOPSCSW-446,REQ-2-CSW-6505,REQ-2-CSW-6740
DEOPSCSW-447,REQ-2-CSW-6740
DEOPSCSW-448,REQ-2-CSW-6505,REQ-2-CSW-6740
DEOPSCSW-449,REQ-2-CSW-6505,REQ-2-CSW-6740
DEOPSCSW-45,REQ-2-CSW-5010
DEOPSCSW-451,REQ-2-CSW-6500,REQ-2-CSW-6710
DEOPSCSW-452,REQ-2-CSW-6500,REQ-2-CSW-6710
DEOPSCSW-453,REQ-2-CSW-6505,REQ-2-CSW-6740
DEOPSCSW-454,REQ-2-CSW-6505,REQ-2-CSW-6740
DEOPSCSW-455,REQ-2-CSW-6740
DEOPSCSW-456,REQ-2-CSW-6505,REQ-2-CSW-6740
DEOPSCSW-457,REQ-2-CSW-6740
DEOPSCSW-458,REQ-2-CSW-6720,REQ-2-CSW-6735
DEOPSCSW-459,REQ-2-CSW-6705
DEOPSCSW-46,REQ-2-CSW-5260
DEOPSCSW-461,REQ-2-CSW-6745
DEOPSCSW-462,
DEOPSCSW-463,REQ-2-CSW-6740
DEOPSCSW-464,REQ-2-CSW-6740
DEOPSCSW-465,REQ-2-CSW-6740
DEOPSCSW-466,REQ-2-CSW-6720,REQ-2-CSW-6735,REQ-2-CSW-6740
DEOPSCSW-467,REQ-2-CSW-6740
DEOPSCSW-468,REQ-2-CSW-6725,REQ-2-CSW-6735,REQ-2-CSW-6740
DEOPSCSW-47,REQ-2-CSW-5260
DEOPSCSW-470,REQ-2-CSW-6740
DEOPSCSW-471,REQ-2-CSW-6740
DEOPSCSW-472,REQ-2-CSW-6740
DEOPSCSW-473,REQ-2-CSW-6740
DEOPSCSW-474,REQ-2-CSW-6740
DEOPSCSW-475,
DEOPSCSW-476,REQ-2-CSW-6740
DEOPSCSW-477,REQ-2-CSW-6740
DEOPSCSW-478,REQ-2-CSW-6725,REQ-2-CSW-6735,REQ-2-CSW-6740
DEOPSCSW-479,REQ-2-CSW-6725,REQ-2-CSW-6735,REQ-2-CSW-6740
DEOPSCSW-48,REQ-2-CSW-5260
DEOPSCSW-480,REQ-2-CSW-6740
DEOPSCSW-481,REQ-2-CSW-6740
DEOPSCSW-486,REQ-2-CSW-6500,REQ-2-CSW-6710
DEOPSCSW-49,REQ-2-CSW-5265
DEOPSCSW-490,REQ-2-CSW-6705
DEOPSCSW-491,
DEOPSCSW-492,REQ-2-CSW-6740
DEOPSCSW-494,REQ-2-CSW-6710,REQ-2-CSW-6715
DEOPSCSW-496,
DEOPSCSW-500,REQ-2-CSW-6740
DEOPSCSW-501,
DEOPSCSW-503,REQ-2-CSW-6740
DEOPSCSW-507,REQ-2-CSW-6710,REQ-2-CSW-6715
DEOPSCSW-515,REQ-2-CSW-3400,REQ-2-CSW-3410,REQ-2-CSW-3415
DEOPSCSW-516,
DEOPSCSW-530,
DEOPSCSW-532,REQ-2-CSW-4000,REQ-2-CSW-4253,REQ-2-CSW-4255
DEOPSCSW-533,REQ-2-CSW-4000,REQ-2-CSW-4253,REQ-2-CSW-4255
DEOPSCSW-534,REQ-2-CSW-4000,REQ-2-CSW-4253,REQ-2-CSW-4255,REQ-2-CSW-4270
DEOPSCSW-535,REQ-2-CSW-4000,REQ-2-CSW-4253,REQ-2-CSW-4255
DEOPSCSW-536,REQ-2-CSW-4000,REQ-2-CSW-4253,REQ-2-CSW-4255
DEOPSCSW-537,
DEOPSCSW-538,REQ-2-CSW-4000,REQ-2-CSW-4253,REQ-2-CSW-4255,REQ-2-CSW-4270
DEOPSCSW-539,REQ-2-CSW-4000,REQ-2-CSW-4253,REQ-2-CSW-4255
DEOPSCSW-540,REQ-2-CSW-4000,REQ-2-CSW-4253,REQ-2-CSW-4255
DEOPSCSW-541,REQ-2-CSW-4000,REQ-2-CSW-4253,REQ-2-CSW-4255,REQ-2-CSW-4270
DEOPSCSW-542,REQ-2-CSW-4260
DEOPSCSW-543,REQ-2-CSW-4260
DEOPSCSW-544,REQ-2-CSW-4265
DEOPSCSW-545,REQ-2-CSW-4265
DEOPSCSW-546,REQ-2-CSW-4265
DEOPSCSW-547,
DEOPSCSW-549,REQ-2-CSW-4250
DEOPSCSW-550,REQ-2-CSW-4250,REQ-2-CSW-4253
DEOPSCSW-558,REQ-2-CSW-1760
DEOPSCSW-571,REQ-2-CSW-1500
DEOPSCSW-575,REQ-2-CSW-1752,REQ-2-CSW-1510
DEOPSCSW-576,REQ-2-CSW-1505,REQ-2-CSW-1765
DEOPSCSW-577,REQ-2-CSW-1505,REQ-2-CSW-1765
DEOPSCSW-578,
DEOPSCSW-579,REQ-2-CSW-1500,REQ-2-CSW-1510,REQ-2-CSW-1755
DEOPSCSW-592,REQ-2-CSW-7045
DEOPSCSW-595,
DEOPSCSW-601,REQ-2-CSW-5500,REQ-2-CSW-5515,REQ-2-CSW-5750
DEOPSCSW-605,REQ-2-CSW-5505,REQ-2-CSW-5900
DEOPSCSW-606,
DEOPSCSW-607,REQ-2-CSW-5515,REQ-2-CSW-5520
DEOPSCSW-608,REQ-2-CSW-5510
DEOPSCSW-609,REQ-2-CSW-5755
DEOPSCSW-610,REQ-2-CSW-5755
DEOPSCSW-611,REQ-2-CSW-5755
DEOPSCSW-612,REQ-2-CSW-5755
DEOPSCSW-613,REQ-2-CSW-5760
DEOPSCSW-615,REQ-2-CSW-5753
DEOPSCSW-616,REQ-2-CSW-5515
DEOPSCSW-618,REQ-2-CSW-5505
DEOPSCSW-619,REQ-2-CSW-5515
DEOPSCSW-620,REQ-2-CSW-5505
DEOPSCSW-621,REQ-2-CSW-5505
DEOPSCSW-622,REQ-2-CSW-5755
DEOPSCSW-623,
DEOPSCSW-625,
DEOPSCSW-626,
DEOPSCSW-628,
DEOPSCSW-629,
DEOPSCSW-63,REQ-2-CSW-5010,REQ-2-CSW-5265
DEOPSCSW-649,
DEOPSCSW-65,REQ-2-CSW-1505,REQ-2-CSW-1765
DEOPSCSW-659,
DEOPSCSW-66,REQ-2-CSW-1505,REQ-2-CSW-1765
DEOPSCSW-661,
DEOPSCSW-673,
DEOPSCSW-69,REQ-2-CSW-1505,REQ-2-CSW-1765,REQ-2-CSW-5265
DEOPSCSW-70,REQ-2-CSW-5270
DEOPSCSW-71,REQ-2-CSW-5270
DEOPSCSW-72,REQ-2-CSW-5270
DEOPSCSW-73,REQ-2-CSW-5270
DEOPSCSW-74,REQ-2-CSW-5270
DEOPSCSW-75,REQ-2-CSW-5270
DEOPSCSW-76,REQ-2-CSW-5270
DEOPSCSW-77,REQ-2-CSW-5255
DEOPSCSW-78,REQ-2-CSW-5255
DEOPSCSW-79,REQ-2-CSW-5255
DEOPSCSW-80,REQ-2-CSW-5250
DEOPSCSW-81,REQ-2-CSW-5020
DEOPSCSW-83,REQ-2-CSW-5270
DEOPSCSW-85,REQ-2-CSW-5265
DEOPSCSW-86,REQ-2-CSW-5270
DEOPSCSW-88,REQ-2-CSW-5000,REQ-2-CSW-5250
DEOPSCSW-89,REQ-2-CSW-7005
DEOPSCSW-91,
DEOPSCSW-97,
ESW-118,REQ-2-ESW-1201
ESW-95,REQ-2-ESW-1555
